1550152481.9237103;d1:7e:fb:af:11:61;;UPC2702127
1550152482.926826;59:ff:1c:81:39:86;;UPC6478022
1550152483.9293349;ab:9b:2a:4a:7d:c0;;Bbox-653453
1550152484.9319339;ad:99:0b:6e:64:31;;Bbox-A9231B
1550152485.934631;85:fc:6c:3f:57:8d;;UPC9453743
1550152486.9371247;d9:12:6c:67:3f:73;;Vodafone Hotspot
1550152487.9397075;2f:4d:1e:c1:10:7c;;MGMResorts-WiFi
1550152488.9422963;0c:ed:e2:cc:76:3c;;UPC3877927
1550152489.944786;56:01:4e:0d:8e:9d;;Free Public WiFi
1550152490.947336;2f:4a:34:e8:3f:ec;;UPC9935715
1550152491.9498544;23:97:fc:ea:c5:3d;;UPC4155092
1550152492.952411;00:75:63:a7:a4:09;;Bbox-E14F09
1550152493.9550436;51:f2:21:cc:ab:c4;;UPC7364523
1550152494.9807122;8f:58:78:f3:f6:1e;;Bbox-E27BCA
1550152495.9833543;d1:57:93:97:1d:75;;UPC6686109
1550152496.9858732;53:87:48:74:16:0f;;Bbox-B54167
1550152497.988469;90:d3:ad:63:ac:58;;UPC5676122
1550152498.991048;6f:33:42:64:8a:a7;;UPC9409823
1550152499.9935923;55:ee:95:7e:2d:93;;Exhibitor Internet
1550152500.9962964;20:94:61:2a:5d:a2;;Bbox-4CCAAD
1550152501.998904;28:b8:7d:92:5f:91;;Bbox-E6E6FB
1550152503.0017853;71:61:a8:9a:8c:df;;Radisson_Guest
1550152504.0051255;06:52:b2:6a:64:49;;AndroidAP
